sample,library,identity,Nb,Ti,V,Zr,Nb+Ti,V+Zr,Nb+Ti_over_V+Zr,V_Zr,Nb_Ti,Ti_V,Nb_Zr,Ti_Zr,Nb_V,Ti_V_over_Nb_Zr,Ti_Zr_over_Nb_V,Nb_Ti_over_V_Zr,Nb_over_V_Zr,LogNb_Ti_over_V_Zr,logNb_over_V_Zr,Log_Nb_Ti,Log_Ti_V,Log_Nb_Zr,LogTi_Zr_over_Nb_V,Nb_over_Nb+Zr,Zr_over_Nb+Zr,LogNb_over_Nb+Zr,LogZr_over_Nb+Zr,Phase,Microstructure,H,Er,Mixing_Enthalpy,PDAS,r_avg,delta_pct,Smix_J_over_mol·K,VEC,Estimated_Density
1,1,S1,11.2,6.5,45.4,36.9,17.7,82.3,0.215066829,1.230352304,1.723076923,0.143171806,0.303523035,0.176151762,0.246696035,0.471699969,0.714043748,1.400474415,9.1030837,0.336811047,2.208613224,0.544111601,-1.943709928,-1.192297773,-0.751412155,0.232848233,0.767151767,-1.457368399,-0.265070626,BCC,planar,7.57,77.7,0.1219,,145.783,8.04986005,9.554849063,4.566,6.478582297
2,1,S2,4.6,23.7,51.4,20.3,28.3,71.7,0.394700139,2.532019704,0.194092827,0.461089494,0.226600985,1.167487685,0.089494163,2.034807985,13.04540587,0.076655338,1.816731518,-2.568436031,0.597039017,-1.639418745,-0.774163124,-1.484564583,0.710401458,0.184738956,0.815261044,-1.6888115,-0.204246917,BCC,dendrites,4.66,104.9,0.07539,0.4898,142.911,7.153038676,9.549659513,4.56,5.948886149
3,1,S3,5.9,38.4,44.6,11.1,44.3,55.7,0.795332136,4.018018018,0.153645833,0.860986547,0.531531532,3.459459459,0.132286996,1.619822148,26.15116812,0.03823921,1.46838565,-3.263893859,0.3841636,-1.873105109,-0.149676399,-0.631992757,0.482316358,0.347058824,0.652941176,-1.058260993,-0.426268236,BCC,dendrites,5.16,108.5,0.04312,0.5031,142.586,6.061895213,9.466600787,4.505,5.678318652
4,1,S4,7.5,33.1,41.6,17.8,40.6,59.4,0.683501684,2.337078652,0.226586103,0.795673077,0.421348315,1.859550562,0.180288462,1.888397436,10.31430712,0.096952707,3.209134615,-2.333531972,1.166001311,-1.484630262,-0.228566885,-0.864295437,0.635728552,0.296442688,0.703557312,-1.215901375,-0.351605938,BCC,dendrites,5.09,103,0.05923,0.7931,143.831,6.61113465,10.24550805,4.491,5.857204402
5,1,S5,7.7,28.8,42.2,21.3,36.5,63.5,0.57480315,1.981220657,0.267361111,0.682464455,0.361502347,1.352112676,0.182464455,1.88785622,7.410279861,0.13494767,3.886492891,-2.002868207,1.357507181,-1.319155058,-0.382044834,-1.017486744,0.63544191,0.265517241,0.734482759,-1.326075501,-0.308588757,BCC,dendrites,4.88,100,0.06929,0.6945,144.206,6.920139721,10.38752964,4.499,5.954500039
6,1,S6,7.8,27,50.2,15,34.8,65.2,0.533742331,3.346666667,0.288888889,0.537848606,0.52,1.8,0.155378486,1.034324241,11.58461538,0.086321381,2.330677291,-2.449677958,0.846158908,-1.241713132,-0.620178161,-0.653926467,0.033748307,0.342105263,0.657894737,-1.072636802,-0.418710335,BCC ,dendrites,5.42,110.8,0.06194,0.7639,142.346,6.612824454,9.835674068,4.58,5.945456414
7,1,S7,8.3,19.6,51.8,20.3,27.9,72.1,0.386962552,2.551724138,0.423469388,0.378378378,0.408866995,0.965517241,0.16023166,0.925431456,6.025758205,0.16595422,3.252702703,-1.796043315,1.179486252,-0.859274051,-0.971860583,-0.894365371,-0.077495212,0.29020979,0.70979021,-1.237151203,-0.342785832,BCC,dendrites,5.61,113.2,0.08099,0.3828,142.822,7.156716516,9.897094065,4.601,6.114874444
8,1,S8,8.3,22.6,48.8,20.3,30.9,69.1,0.447178003,2.403940887,0.367256637,0.463114754,0.408866995,1.113300493,0.170081967,1.132678254,6.545670366,0.15277274,3.452663934,-1.878803818,1.239146088,-1.001694391,-0.769780407,-0.894365371,0.124584965,0.29020979,0.70979021,-1.237151203,-0.342785832,BCC,dendrites,5.11,101.8,0.0768,0.3593,143.212,7.069849688,10.11394664,4.571,6.064928401
9,1,S9,9.1,29.1,49.7,12.1,38.2,61.8,0.618122977,4.107438017,0.312714777,0.585513078,0.752066116,2.404958678,0.183098592,0.778539368,13.13477432,0.076133779,2.215492958,-2.575263241,0.795474933,-1.162463761,-0.535266759,-0.284931039,-0.25033572,0.429245283,0.570754717,-0.845726768,-0.560795729,BCC,dendrites,5.85,111.5,0.05416,0.93,142.021,6.287710215,9.813596963,4.588,5.926283636
10,1,S10,10.3,20.3,49.7,12.1,30.6,61.8,0.495145631,4.107438017,0.507389163,0.408450704,0.851239669,1.67768595,0.207243461,0.479830439,8.095241916,0.123529353,2.507645875,-2.091276471,0.919344415,-0.678476991,-0.895384047,-0.161061557,-0.73432249,0.459821429,0.540178571,-0.776917064,-0.615855506,BCC ,dendrites,5.11,117.2,0.05478,0.6229,130.837,10.3843255,9.651290931,4.296,6.109293425
11,1,S11,10.5,22.8,41.5,25.2,33.3,66.7,0.499250375,1.646825397,0.460526316,0.54939759,0.416666667,0.904761905,0.253012048,1.318554217,3.575963719,0.279644895,6.375903614,-1.274234712,1.852525824,-0.775385279,-0.598932891,-0.875468737,0.276535846,0.294117647,0.705882353,-1.223775432,-0.348306694,BCC,dendrites,5.11,98.2,0.0814,0.3122,144.776,7.174267519,10.69219412,4.52,6.14544983
12,1,S12,11.1,2.9,62.2,23.8,14,86,0.162790698,2.613445378,3.827586207,0.046623794,0.466386555,0.121848739,0.178456592,0.099968135,0.682792036,1.464574787,4.247266881,0.381564952,1.446275689,1.342234371,-3.065644263,-0.762740472,-2.30290379,0.318051576,0.681948424,-1.145541721,-0.382801249,BCC,dendrites,7.13,100,0.11315,0.4263,141.897,7.701012823,8.178121717,4.733,6.492283809
13,1,S13,14.8,35,45,5.2,49.8,50.2,0.992031873,8.653846154,0.422857143,0.777777778,2.846153846,6.730769231,0.328888889,0.273273273,20.46517672,0.048863492,1.710222222,-3.018724745,0.536623317,-0.860720881,-0.251314428,1.045968555,-1.297282983,0.74,0.26,-0.301105093,-1.347073648,BCC,dendrites,6.11,127.6,0.03576,0.5412,141.678,5.313060281,9.671386647,4.598,5.936654915
14,1,S14,18.7,5.9,48.6,26.8,24.6,75.4,0.326259947,1.813432836,3.169491525,0.121399177,0.697761194,0.220149254,0.384773663,0.173983847,0.572152606,1.74778545,10.31193416,0.55834953,2.33330188,1.153571173,-2.10867118,-0.359878364,-1.748792816,0.410989011,0.589010989,-0.889188802,-0.529310438,BCC,dendrites,7.12,111.9,0.11106,0.3858,143.979,7.560236663,9.844452398,4.673,6.638223139
15,1,S15,21.3,15.3,41,22.4,36.6,63.4,0.577287066,1.830357143,1.392156863,0.373170732,0.950892857,0.683035714,0.519512195,0.39244246,1.314763581,0.760593018,11.63707317,-0.273656864,2.454195965,0.330854244,-0.985719238,-0.050353886,-0.935365352,0.487414188,0.512585812,-0.718641029,-0.668287143,BCC,dendrites,6.03,98.4,0.08629,0.5675,144.369,6.941807555,10.95211446,4.623,6.526504252
16,1,S16,21.5,41.4,31.7,5.4,62.9,37.1,1.69541779,5.87037037,0.519323671,1.305993691,3.981481481,7.666666667,0.678233438,0.32801702,11.30387597,0.088465231,3.662460568,-2.425145673,1.298135208,-0.655227946,0.2669642,1.381653982,-1.114689782,0.799256506,0.200743494,-0.224073351,-1.605727333,BCC,dendrites,6.07,121.7,0.02933,1.2105,143.366,4.917758172,10.12131884,4.532,6.012492922
17,1,S17,22.3,21.5,33.9,22.3,43.8,56.2,0.779359431,1.520179372,1.037209302,0.634218289,1,0.964125561,0.657817109,0.634218289,1.465643789,0.682294025,14.66932153,-0.382294593,2.685758343,0.036533743,-0.455362079,0,-0.455362079,0.5,0.5,-0.693147181,-0.693147181,BCC,dendrites,6.08,111.7,0.07276,0.7451,145.269,6.610030128,11.36071067,4.562,6.44583065
18,1,S18,23.8,31.8,26.5,17.9,55.6,44.4,1.252252252,1.480446927,0.748427673,1.2,1.329608939,1.776536313,0.898113208,0.902521008,1.978076147,0.505541711,16.07622642,-0.682124729,2.777341561,-0.289780709,0.182321557,0.284884868,-0.102563311,0.570743405,0.429256595,-0.560815548,-0.845700416,BCC,dendrites,6.28,111.5,0.04981,0.8592,145.644,5.883824797,11.35569399,4.503,6.294985288
19,1,S19,25.4,20.2,31.9,22.4,45.6,54.3,0.839779006,1.424107143,1.257425743,0.63322884,1.133928571,0.901785714,0.796238245,0.558438032,1.132557649,0.882957261,17.83573668,-0.124478481,2.881204123,0.22906657,-0.456923405,0.125688215,-0.582611621,0.531380753,0.468619247,-0.632276465,-0.757964681,BCC,dendrites,6.97,114.9,0.072,0.7955,145.364,6.519832782,11.39674696,4.569,6.542923296
20,1,S20,26.6,34.1,21.9,17.4,60.7,39.3,1.544529262,1.25862069,0.780058651,1.557077626,1.528735632,1.959770115,1.214611872,1.018539499,1.613494944,0.619772627,21.13424658,-0.478402599,3.050894785,-0.248386169,0.442810747,0.42444101,0.018369738,0.604545455,0.395454545,-0.503278418,-0.927719428,BCC,dendrites,5.25,100.3,0.0418,2.005,146.149,5.557001596,11.27370922,4.485,6.323789827
21,1,S21,27.3,35.7,24.8,12.2,63,37,1.702702703,2.032786885,0.764705882,1.439516129,2.237704918,2.926229508,1.100806452,0.643300248,2.658259773,0.376185958,13.42983871,-0.977671688,2.597479001,-0.268263987,0.364307036,0.80545075,-0.441143715,0.691139241,0.308860759,-0.36941397,-1.17486472,BCC,dendrites,5.74,112.7,0.03796,0.886,145.089,5.300866272,11.0126987,4.521,6.292240784
22,1,S22,28.1,20,30.2,21.7,48.1,51.9,0.926782274,1.391705069,1.405,0.662251656,1.294930876,0.921658986,0.930463576,0.511418538,0.990537416,1.00955298,20.1910596,0.009507639,3.005239913,0.340037303,-0.412109651,0.258457316,-0.670566967,0.564257028,0.435742972,-0.572245408,-0.830702723,BCC,dendrites,7.22,116.6,0.0694,1.0227,145.614,6.371259621,11.40454209,4.583,6.608213928
23,1,S23,28.3,15,37.7,19,43.3,56.7,0.76366843,1.984210526,1.886666667,0.397877984,1.489473684,0.789473684,0.75066313,0.267126562,1.051701692,0.950839965,14.26259947,-0.050409512,2.657640689,0.634811604,-0.921609893,0.398422825,-1.320032719,0.598308668,0.401691332,-0.513648491,-0.912071316,BCC,dendrites,7.27,114.4,0.07911,0.4983,144.286,6.52883988,11.01694378,4.66,6.692128178
24,1,S24,30.9,15.4,37.7,16,46.3,53.7,0.862197393,2.35625,2.006493506,0.408488064,1.93125,0.9625,0.819628647,0.211514855,1.174312298,0.851562231,13.11405836,-0.160682698,2.573684812,0.696388674,-0.895292585,0.658167462,-1.553460047,0.658848614,0.341151386,-0.417261492,-1.075428953,BCC,dendrites,6.81,118.2,0.07414,1.0541,143.87,6.265875962,10.90778407,4.686,6.741222759
25,1,S25,31.9,33.6,28.3,6.2,65.5,34.5,1.898550725,4.564516129,0.949404762,1.187279152,5.14516129,5.419354839,1.127208481,0.23075645,4.807766205,0.207996803,6.98869258,-1.57023257,1.944293497,-0.051920057,0.171664262,1.638056718,-1.466392455,0.837270341,0.162729659,-0.177608272,-1.81566499,BCC,dendrites,5.65,122.2,0.03423,1.0887,143.808,4.839463463,10.48034708,4.602,6.41795855
26,1,S26,33.2,39.7,21.6,5.5,72.9,27.1,2.6900369,3.927272727,0.83627204,1.837962963,6.036363636,7.218181818,1.537037037,0.304481816,4.696166484,0.21293964,8.453703704,-1.546746534,2.134604653,-0.178801312,0.608657873,1.797801784,-1.189143911,0.857881137,0.142118863,-0.153289724,-1.951091508,BCC,dendrites,6.09,132.3,0.02328,1.0817,144.575,4.388254072,10.17105083,4.548,6.343801569
27,1,S27,33.4,21.5,11.5,33.6,54.9,45.1,1.2172949,0.342261905,1.553488372,1.869565217,0.994047619,0.639880952,2.904347826,1.880760219,0.220318292,4.538887765,97.58608696,1.512681996,4.580734932,0.440502965,0.6257059,-0.005970167,0.631676067,0.498507463,0.501492537,-0.696136719,-0.690166552,BCC,dendrites,6.68,79.6,0.0437,0.9122,149.539,5.599182277,10.9073899,4.449,6.731284361
28,1,S28,34.3,18.2,28.6,18.9,52.5,47.5,1.105263158,1.513227513,1.884615385,0.636363636,1.814814815,0.962962963,1.199300699,0.350649351,0.802937048,1.245427649,22.66678322,0.219478964,3.120900558,0.63372376,-0.451985124,0.595983432,-1.047968556,0.644736842,0.355263158,-0.438913042,-1.034896474,BCC,dendrites,5.51,102.7,0.0657,0.9197,145.396,6.0760396,11.22373933,4.629,6.778690664
29,1,S29,41.4,25.4,27.4,5.8,66.8,33.2,2.012048193,4.724137931,1.62992126,0.927007299,7.137931034,4.379310345,1.510948905,0.129870588,2.898384141,0.345019829,8.76350365,-1.064153389,2.170595785,0.488531707,-0.075793839,1.965422963,-2.041216803,0.877118644,0.122881356,-0.131113012,-2.096535975,BCC,dendrites,5.01,131.3,0.03945,0.9975,143.778,4.724433351,10.2516697,4.688,6.796790918
30,1,S30,44.3,12.5,38.1,5.1,56.8,43.2,1.314814815,7.470588235,3.544,0.32808399,8.68627451,2.450980392,1.162729659,0.037770392,2.107953791,0.474393701,5.92992126,-0.74571771,1.780010935,1.265256033,-1.114485638,2.161744137,-3.276229775,0.896761134,0.103238866,-0.108965747,-2.270709884,BCC,dendrites,4.88,88,0.05987,0.8974,142.267,5.022182268,9.478250861,4.824,7.106495859
31,1,S31,51.3,11.2,22.4,15.1,62.5,37.5,1.666666667,1.483443709,4.580357143,0.5,3.397350993,0.741721854,2.290178571,0.147173489,0.323870751,3.087651467,34.58169643,1.127410759,3.543324537,1.521776974,-0.693147181,1.222996008,-1.916143189,0.772590361,0.227409639,-0.258006304,-1.481002313,BCC,dendrites,4.97,87.2,0.05868,0.8841,145.538,5.399381742,10.04500744,4.737,7.288473068
32,1,S32,25.6,10.4,24.1,39.9,36,64,0.5625,0.604010025,2.461538462,0.43153527,0.64160401,0.260651629,1.062240664,0.672588174,0.245379073,4.075327162,42.38340249,1.404951029,3.746756835,0.900786545,-0.840406034,-0.443783972,-0.396622062,0.390839695,0.609160305,-0.939457791,-0.495673819,B+L,dendrites,6.52,97.7,0.08695,0.8974,148.798,6.892489092,10.75616711,4.497,6.750753389
33,1,S33,25.8,10.5,31.8,31.9,36.3,63.7,0.569858713,0.996865204,2.457142857,0.330188679,0.808777429,0.329153605,0.811320755,0.408256545,0.405700955,2.464869721,25.88113208,0.902138955,3.253514212,0.898999235,-1.108091033,-0.212231518,-0.895859515,0.447140381,0.552859619,-0.804882682,-0.592651164,B+L,dendrites,7.17,110.7,0.09386,0.9077,146.755,7.076510103,10.93288978,4.576,6.738291524
34,1,S34,30.3,2.4,41.7,25.6,32.7,67.3,0.485884101,1.62890625,12.625,0.057553957,1.18359375,0.09375,0.726618705,0.048626445,0.129022277,7.75059952,18.60143885,2.047770198,2.923238935,2.535678975,-2.855032391,0.168555361,-3.023587752,0.542039356,0.457960644,-0.612416668,-0.780972029,B+L,dendrites,7.78,125.6,0.1093,1.3223,144.604,7.196681549,9.684634124,4.72,6.972603759
35,1,S35,31,18,20,31,49,51,0.960784314,0.64516129,1.722222222,0.9,1,0.580645161,1.55,0.9,0.374609781,2.669444444,48.05,0.981870378,3.872242135,0.543615447,-0.105360516,0,-0.105360516,0.5,0.5,-0.693147181,-0.693147181,B+L,dendrites,6.55,87.4,0.06408,0.9421,148.12,6.233361045,11.279477,4.51,6.729808712
36,1,S36,24.6,26,30.9,18.5,50.6,49.4,1.024291498,1.67027027,0.946153846,0.841423948,1.32972973,1.405405405,0.796116505,0.632778172,1.765326302,0.566467513,14.72815534,-0.568335547,2.689760991,-0.055350095,-0.172659646,0.284975711,-0.457635357,0.570765661,0.429234339,-0.560776554,-0.845752265,B+S,spinodal,7.67,118.8,0.06028,,145.142,6.173196981,11.39265936,4.555,6.412746199
37,1,S37,26.2,44.1,21.3,8.5,70.3,29.8,2.359060403,2.505882353,0.594104308,2.070422535,3.082352941,5.188235294,1.230046948,0.671701968,4.21791648,0.237083879,10.45539906,-1.439341281,2.347118502,-0.520700372,0.72775271,1.125693247,-0.397940538,0.755043228,0.244956772,-0.280980276,-1.406673523,B+S,spinodal,7.41,128.5,0.02473,,145.221,4.717792888,10.40004409,4.479,6.108631116
38,1,S38,26.7,6.7,35.8,30.8,33.4,66.6,0.501501502,1.162337662,3.985074627,0.187150838,0.866883117,0.217532468,0.745810056,0.215889356,0.291672747,3.428499958,22.97094972,1.232122836,3.134230362,1.382556039,-1.675840367,-0.142851125,-1.532989242,0.464347826,0.535652174,-0.767121382,-0.624270258,B+S,spinodal,8.1,124.3,0.10318,,146.083,7.243872001,10.51009271,4.625,6.821005107
39,1,S39,30.5,30.5,25.1,13.9,61,39,1.564102564,1.805755396,1,1.215139442,2.194244604,2.194244604,1.215139442,0.553784861,1.805755396,0.553784861,16.89043825,-0.590979006,2.826747678,0,0.194858837,0.785837843,-0.590979006,0.686936937,0.313063063,-0.375512786,-1.161350629,B+S,spinodal,7.18,122.2,0.04419,,145.239,5.469897477,11.18718979,4.556,6.464573889
40,1,S40,31.2,25.3,27.2,16.4,56.5,43.6,1.29587156,1.658536585,1.233201581,0.930147059,1.902439024,1.542682927,1.147058824,0.488923454,1.344903064,0.743548012,18.81176471,-0.296321939,2.934482456,0.209613699,-0.072412578,0.64313676,-0.715549338,0.655462185,0.344537815,-0.422414666,-1.065551426,B+S,spinodal,7.23,121.3,0.05418,,145.431,5.796992133,11.32152501,4.588,6.57707451
41,1,S41,31.5,29,27.5,11.9,60.5,39.4,1.535532995,2.31092437,1.086206897,1.054545455,2.647058824,2.43697479,1.145454545,0.398383838,2.127517674,0.470031348,13.63090909,-0.754955889,2.612339941,0.082691716,0.053109825,0.973449146,-0.92033932,0.725806452,0.274193548,-0.320471895,-1.293921041,B+S,spinodal,7.46,118.2,0.04528,,144.51,5.423515716,11.06754631,4.586,6.507919359
42,1,S42,36,15.7,28.1,20.1,51.7,48.2,1.072614108,1.39800995,2.292993631,0.558718861,1.791044776,0.781094527,1.28113879,0.311951364,0.609687673,1.640184056,25.75088968,0.494808465,3.248469177,0.829858226,-0.582108864,0.582799123,-1.164907987,0.64171123,0.35828877,-0.443616874,-1.026415997,B+S,spinodal,7.35,127.3,0.06899,,145.453,6.144531518,11.121451,4.637,6.864160402
43,2,A1 (1),26.3,11.7,23.8,38.1,38,61.9,0.613893376,0.624671916,2.247863248,0.491596639,0.690288714,0.307086614,1.105042017,0.71216091,0.277895871,3.598470157,42.10210084,1.280508799,3.740097641,0.809980097,-0.710096739,-0.370645343,-0.339451396,0.408385093,0.591614907,-0.895544694,-0.524899351,BCC,dendrites,6.77667,107.61667,0.0835,2.07,148.449,6.814888945,10.9045566,4.497,6.742251329
44,2,A2 (2),39.6,9.2,29,22.5,48.8,51.5,0.947572816,1.288888889,4.304347826,0.317241379,1.76,0.408888889,1.365517241,0.180250784,0.299438833,3.33958021,30.72413793,1.205845113,3.425048597,1.459625634,-1.148092346,0.565313809,-1.713406155,0.637681159,0.362318841,-0.449916871,-1.01523068,BCC,dendrites,6.99,117.58,0.08073,1.33,146.2,6.346323721,10.6497843,4.698,7.059613432
45,2,A3 (3),39.6,7.5,31,21.9,47.1,52.9,0.890359168,1.415525114,5.28,0.241935484,1.808219178,0.342465753,1.277419355,0.133797654,0.268091878,3.730064516,27.97548387,1.31642553,3.331328551,1.663926098,-1.419084184,0.592342481,-2.011426665,0.643902439,0.356097561,-0.440208057,-1.032550538,BCC,dendrites,6.74,117.51667,0.08462,1.03,145.421,6.42523986,10.44869866,4.706,7.091930497
46,2,A4 (4),24.8,19,37.8,18.4,43.8,56.2,0.779359431,2.054347826,1.305263158,0.502645503,1.347826087,1.032608696,0.656084656,0.372930534,1.573895512,0.635366193,12.07195767,-0.453553764,2.490885215,0.266404674,-0.687870123,0.298492989,-0.986363112,0.574074074,0.425925926,-0.554996842,-0.853489831,BCC,dendrites,5.71333,108.46,0.07356,0.33,144.23,6.48754167,11.14535091,4.626,6.535920593
47,2,A5 (5),46.8,8.9,30.8,13.5,55.7,44.3,1.257336343,2.281481481,5.258426966,0.288961039,3.466666667,0.659259259,1.519480519,0.083354146,0.433871478,2.304830001,20.51298701,0.835006922,3.021058198,1.659831926,-1.241463413,1.243193517,-2.484656931,0.776119403,0.223880597,-0.253448901,-1.496642418,BCC,dendrites,6.13333,123.06,0.07126,1.85,144.283,5.713324208,10.00756722,4.776,7.231175668
48,2,A6 (6),40.2,7,37.8,15.1,47.2,52.9,0.892249527,2.503311258,5.742857143,0.185185185,2.662251656,0.463576159,1.063492063,0.069559609,0.43589997,2.294104308,16.05873016,0.830342488,2.776252637,1.747956847,-1.686398954,0.979172252,-2.665571205,0.726943942,0.273056058,-0.318905913,-1.298078165,BCC,dendrites,6.01667,112.65,0.08356,2.04,143.794,6.165228464,10.02415128,4.784,7.113213954
49,2,B1 (7),26,10.8,24,39.3,36.8,63.3,0.58135861,0.610687023,2.407407407,0.45,0.661577608,0.27480916,1.083333333,0.680192308,0.253669994,3.94212963,42.575,1.371721092,3.751267227,0.878550404,-0.798507696,-0.413127981,-0.385379715,0.398162328,0.601837672,-0.920895498,-0.507767517,BCC,dendrites,6.18,107.61667,0.08597,2.1,148.876,6.858996664,10.80948966,4.504,6.751492156
50,2,B2 (8),32.9,14.2,25.2,27.7,47.1,52.9,0.890359168,0.909747292,2.316901408,0.563492063,1.187725632,0.512635379,1.305555556,0.474429488,0.392656886,2.546752739,36.16388889,0.934819112,3.588061076,0.840230693,-0.57360203,0.172040245,-0.745642274,0.54290429,0.45709571,-0.610822235,-0.78286248,BCC,dendrites,6.74,116.07333,0.07456,1.37,146.996,6.44411494,11.1894456,4.581,6.829583082
51,2,B3 (9),36.5,15.7,27.2,20.6,52.2,47.8,1.092050209,1.32038835,2.324840764,0.577205882,1.77184466,0.762135922,1.341911765,0.325765512,0.567947865,1.760724991,27.64338235,0.565725651,3.319386363,0.843651548,-0.549556261,0.572021185,-1.121577446,0.639229422,0.360770578,-0.447491856,-1.019513041,BCC,dendrites,6.94333,120.77333,0.0684,0.96,145.777,6.122197655,11.12530844,4.637,6.875761308
52,2,B4 (10),33.7,14.3,33.1,18.9,48,52,0.923076923,1.751322751,2.356643357,0.432024169,1.783068783,0.756613757,1.018126888,0.242292487,0.743142889,1.345636237,19.24259819,0.29686694,2.957126477,0.8572383,-0.839273745,0.578335915,-1.41760966,0.640684411,0.359315589,-0.445218282,-1.023554198,BCC,dendrites,6.78,116.325,0.07531,2.08,144.817,6.308085277,11.02028333,4.668,6.832754621
53,2,B5 (11),38.4,14.2,30.5,16.9,52.6,47.4,1.109704641,1.804733728,2.704225352,0.46557377,2.272189349,0.840236686,1.259016393,0.204900956,0.667375493,1.498406834,21.27737705,0.404402433,3.057644398,0.994815495,-0.764484719,0.820743838,-1.585228557,0.694394213,0.305605787,-0.364715449,-1.185459287,BCC,dendrites,7.11333,116.67667,0.06967,2.09,144.848,6.012993799,10.86916758,4.689,6.941856883
54,2,B6 (12),26.7,26.6,29.9,16.9,53.3,46.8,1.138888889,1.769230769,1.003759398,0.889632107,1.579881657,1.573964497,0.892976589,0.563100472,1.762604437,0.567342269,15.09130435,-0.566792509,2.714118707,0.00375235,-0.116947265,0.457349943,-0.574297208,0.612385321,0.387614679,-0.490393585,-0.947743528,BCC,dendrites,5.69,102.925,0.05669,0.73,145.19,5.986763875,11.35918635,4.57,6.447846164
55,2,C1 (13),21.9,15.3,28.4,34.3,37.2,62.7,0.593301435,0.827988338,1.431372549,0.538732394,0.638483965,0.44606414,0.771126761,0.843768088,0.578457606,1.728735156,26.44964789,0.547390017,3.275242846,0.358633808,-0.618536317,-0.448658717,-0.169877599,0.389679715,0.610320285,-0.94243012,-0.493771403,BCC,dendrites,7.55,114.5,0.0852,2.08,147.401,6.981584475,11.17678943,4.499,6.576628329
56,2,C2 (14),25.6,14.2,30.6,29.6,39.8,60.2,0.661129568,1.033783784,1.802816901,0.464052288,0.864864865,0.47972973,0.836601307,0.536560458,0.573426943,1.743901316,24.76339869,0.556124739,3.209366704,0.589350387,-0.767758044,-0.14518201,-0.622576035,0.463768116,0.536231884,-0.768370602,-0.623188592,BCC,dendrites,5.96667,113.91,0.08529,2.12,146.614,6.883263928,11.21308325,4.562,6.667064363
57,2,C3 (15),27.7,19.5,30.4,22.4,47.2,52.8,0.893939394,1.357142857,1.420512821,0.641447368,1.236607143,0.870535714,0.911184211,0.518715561,0.955389376,1.046693657,20.41052632,0.045636298,3.016050764,0.351017948,-0.444028143,0.212371454,-0.656399597,0.552894212,0.447105788,-0.592588595,-0.804960049,BCC,dendrites,6.55333,114.29333,0.07102,2,145.683,6.430952964,11.4025045,4.581,6.60908294
58,2,C4 (16),19.5,33,26.4,21.1,52.5,47.5,1.105263158,1.251184834,0.590909091,1.25,0.924170616,1.563981043,0.738636364,1.352564103,2.117389719,0.472279614,15.58522727,-0.750184066,2.746323496,-0.526093096,0.223143551,-0.078858575,0.302002126,0.480295567,0.519704433,-0.733353601,-0.654495026,BCC,dendrites,5.805,98.765,0.05254,2.08,146.116,6.109422658,11.34467881,4.459,6.184897009
59,2,C5 (17),29.2,20,35.9,14.9,49.2,50.8,0.968503937,2.409395973,1.46,0.557103064,1.959731544,1.342281879,0.813370474,0.284275194,1.650271214,0.605961003,12.11922006,-0.500939647,2.494792627,0.378436436,-0.585005022,0.672807496,-1.257812518,0.662131519,0.337868481,-0.412291073,-1.08509857,BCC,dendrites,5.41667,100.23667,0.06578,2.09,143.978,6.095112134,11.08072426,4.651,6.616038997
60,2,C6 (18),11.7,31.5,36.3,20.5,43.2,56.8,0.76056338,1.770731707,0.371428571,0.867768595,0.570731707,1.536585366,0.32231405,1.520449248,4.767354597,0.209759937,6.607438017,-1.561791559,1.888195987,-0.990398704,-0.141830195,-0.560836044,0.419005849,0.363354037,0.636645963,-1.012377611,-0.451541566,BCC,dendrites,5.83667,85.29333,0.06229,1.04,144.829,6.60096591,10.87167966,4.48,6.009748691
61,2,D1 (19),15.1,14.8,27.2,42.9,29.9,70.1,0.426533524,0.634032634,1.02027027,0.544117647,0.351981352,0.344988345,0.555147059,1.545870666,0.621435959,1.609176272,23.81580882,0.475722416,3.170349596,0.020067563,-0.608589793,-1.044177082,0.43558729,0.260344828,0.739655172,-1.345748267,-0.301571185,BCC,dendrites,5.31667,116.34667,0.09071,1.5,148.89,7.204001888,10.68694386,4.423,6.456281448
62,2,D2 (20),32.1,34.8,14,19.1,66.9,33.1,2.021148036,0.732984293,0.922413793,2.485714286,1.680628272,1.821989529,2.292857143,1.479038718,0.794637178,1.258435961,43.79357143,0.229869649,3.779487036,-0.080761357,0.910560057,0.519167695,0.391392362,0.626953125,0.373046875,-0.466883502,-0.986051197,BCC,dendrites,5.96333,105.34333,0.03051,0.39,147.342,5.085356296,11.00392862,4.461,6.450189069
63,2,D3 (21),27.2,23.8,27.1,21.9,51,49,1.040816327,1.237442922,1.142857143,0.878228782,1.242009132,1.086757991,1.003690037,0.707103321,1.082762557,0.923563521,21.98081181,-0.079515698,3.090169882,0.133531393,-0.129848147,0.216730336,-0.346578484,0.553971487,0.446028513,-0.590642061,-0.807372398,BCC,dendrites,5.64,95.83,0.062,0.51,146.052,6.207036067,11.49157578,4.543,6.523811243
64,2,D4 (22),30.6,27.1,21.6,20.7,57.7,42.3,1.364066194,1.043478261,1.129151292,1.25462963,1.47826087,1.309178744,1.416666667,0.848720044,0.924126172,1.082103321,29.325,0.078906667,3.378440395,0.121466281,0.226840413,0.390866309,-0.164025895,0.596491228,0.403508772,-0.516690743,-0.907557052,BCC,dendrites,5.98667,106.13667,0.0499,0.89,146.577,5.773422661,11.41704346,4.522,6.545779342
65,2,D5 (23),28.4,36.5,18.5,16.6,64.9,35.1,1.849002849,1.114457831,0.778082192,1.972972973,1.710843373,2.198795181,1.535135135,1.153216597,1.432313762,0.698171048,25.48324324,-0.359291152,3.238021108,-0.250923115,0.679541529,0.53698645,0.142555079,0.631111111,0.368888889,-0.460273345,-0.997259794,BCC,dendrites,6.22333,108.27667,0.03463,0.4,146.469,5.258461009,11.10441336,4.469,6.325169751
66,2,D6 (24),26.3,37.7,19.4,16.5,64,35.9,1.782729805,1.175757576,0.697612732,1.943298969,1.593939394,2.284848485,1.355670103,1.219179962,1.685401544,0.593330416,22.3685567,-0.52200384,3.107656254,-0.360091155,0.664387028,0.466208558,0.19817847,0.614485981,0.385514019,-0.486969163,-0.953177722,BCC,dendrites,6.05333,103.86667,0.03511,0.41,146.213,5.321751008,11.09477603,4.453,6.254554164
67,2,E1 (25),20.4,21.4,23.5,34.6,41.8,58.1,0.719449225,0.679190751,0.953271028,0.910638298,0.589595376,0.61849711,0.868085106,1.544513976,0.712484416,1.403539471,30.03574468,0.33899724,3.402388162,-0.047856021,-0.093609499,-0.528318781,0.434709282,0.370909091,0.629090909,-0.991798284,-0.463479503,BCC,dendrites,4.41333,79.65667,0.07073,2.09,148.092,6.646326104,11.32168732,4.435,6.445992209
68,2,E2 (26),21.1,30.1,20.4,28.5,51.2,48.9,1.047034765,0.715789474,0.700996678,1.475490196,0.740350877,1.056140351,1.034313725,1.992960691,1.021102519,0.979333594,29.47794118,-0.020882945,3.383642227,-0.355252131,0.388990271,-0.300631047,0.689621318,0.425403226,0.574596774,-0.854717793,-0.554086746,BCC,dendrites,5.53,103.43333,0.05322,1.7,147.989,6.12513466,11.40452068,4.419,6.302499068
69,2,E3 (27),25.6,31.4,23,20,57,43,1.325581395,1.15,0.815286624,1.365217391,1.28,1.57,1.113043478,1.066576087,1.410546875,0.708944891,22.26086957,-0.343977484,3.102830409,-0.204215541,0.311313677,0.246860078,0.064453599,0.561403509,0.438596491,-0.577315365,-0.824175443,BCC,dendrites,4.97,94.93667,0.04806,0.96,146.354,5.818223697,11.41062197,4.486,6.354097681
70,2,E4 (28),23.7,41.2,13.1,22,64.9,35.1,1.849002849,0.595454545,0.575242718,3.145038168,1.077272727,1.872727273,1.809160305,2.919444713,1.035136172,0.966056474,39.80152672,-0.034532985,3.683905271,-0.552963208,1.145826026,0.074432595,1.071393431,0.518599562,0.481400438,-0.65662325,-0.731055845,BCC,dendrites,5.88667,106.94,0.02846,0.5,147.92,5.179974986,10.85737312,4.368,6.162714513
71,2,E5 (29),25.3,43.7,14.3,16.8,69,31.1,2.218649518,0.851190476,0.578947368,3.055944056,1.505952381,2.601190476,1.769230769,2.029243484,1.470238095,0.680161943,29.72307692,-0.385424357,3.391923745,-0.546543706,1.117088565,0.409425509,0.707663056,0.600950119,0.399049881,-0.509243345,-0.918668854,BCC,dendrites,5.88667,110.72333,0.02497,0.54,147.219,4.937080008,10.70237905,4.4,6.136515813
72,2,E6 (30),26.2,42,13.3,18.6,68.2,31.9,2.137931034,0.715053763,0.623809524,3.157894737,1.408602151,2.258064516,1.969924812,2.241864202,1.146269392,0.872395274,36.6406015,-0.136512662,3.601156956,-0.471910208,1.149905583,0.34259783,0.807307753,0.584821429,0.415178571,-0.536448729,-0.879046559,BCC,dendrites,6.24667,111.91667,0.02562,0.48,147.574,4.980096185,10.77863941,4.399,6.193713173
73,2,F1  (31),20.9,38.3,17.3,23.5,59.2,40.8,1.450980392,0.736170213,0.545691906,2.213872832,0.889361702,1.629787234,1.208092486,2.48928285,1.349058332,0.741257791,28.39017341,-0.299406818,3.346043079,-0.605700737,0.794743395,-0.117251262,0.911994657,0.470720721,0.529279279,-0.75349031,-0.636239048,BCC,dendrites,4.6525,93.4475,0.03845,1.78,147.597,5.619933524,11.12902045,4.382,6.147752284
74,2,F2 (32),21.4,29.3,22,27.3,50.7,49.3,1.028397566,0.805860806,0.730375427,1.331818182,0.783882784,1.073260073,0.972727273,1.699001699,1.103351477,0.906329507,26.55545455,-0.098352345,3.279235171,-0.314196594,0.286545063,-0.24349578,0.530040843,0.439425051,0.560574949,-0.822288108,-0.578792328,BCC,dendrites,5.48333,102.56,0.0554,2.09,147.475,6.188966145,11.44972468,4.434,6.317274062
75,2,F3 (33),27,32.5,21.2,19.4,59.5,40.6,1.465517241,1.092783505,0.830769231,1.533018868,1.391752577,1.675257732,1.273584906,1.101502446,1.315387553,0.760232221,24.70754717,-0.274131339,3.20710875,-0.185403223,0.427238908,0.3305638,0.096675108,0.581896552,0.418103448,-0.541462593,-0.872026393,BCC,dendrites,4.51667,85.18667,0.04412,1.02,146.643,5.650207222,11.35513772,4.486,6.367333543
76,2,F4 (34),26.1,43.9,7.2,22.8,70,30,2.333333333,0.315789474,0.59453303,6.097222222,1.144736842,1.925438596,3.625,5.326309068,0.531155475,1.882687927,82.65,0.632700504,4.414614824,-0.519979006,1.807833294,0.135174778,1.672658516,0.533742331,0.466257669,-0.627842082,-0.763016861,BCC,dendrites,6.04,109.155,0.01645,0.69,148.767,4.649252458,10.29696754,4.333,6.182098038
77,2,F5 (35),24.6,46.8,6.5,22.1,71.4,28.6,2.496503497,0.294117647,0.525641026,7.2,1.113122172,2.117647059,3.784615385,6.468292683,0.55954089,1.787179487,83.64,0.580638672,4.426521875,-0.64313676,1.974081026,0.107168834,1.866912192,0.526766595,0.473233405,-0.640997722,-0.748166556,BCC,dendrites,4.86667,97.32333,0.01383,0.59,148.782,4.528964761,10.0735037,4.311,6.099397272
78,2,F6 (36),29.2,48.3,5.7,16.9,77.5,22.6,3.42920354,0.337278107,0.604554865,8.473684211,1.727810651,2.857988166,5.122807018,4.904289834,0.55789495,1.792452145,86.5754386,0.583584596,4.461016156,-0.503262851,2.136965386,0.546855087,1.590110298,0.63340564,0.36659436,-0.456644241,-1.003499328,BCC,dendrites,4.87333,95.72,0.00822,0.86,148.311,4.109906562,9.766423169,4.353,6.159793788
